dashboard,usergroups
10ec73be-e822-7e49-1159-037697f15bf1,admin
18344ecc-dec0-bfff-b1af-129cd72881f3,admin|developer
34bc1f04-b59d-a35a-9942-3a6ee0c222fa,admin
3764adb7-e0b1-2b85-c673-d0adc26f2f7e,admin|developer
39795426-db77-dea-becc-5d19218f9224,admin
3fcc2766-f904-d2ba-4470-8e91d9e949de,admin
53c5e521-2d14-4d6d-fe61-16ca42cea162,admin
6be07d93-e60c-cb79-d70d-a5b02b4f209f,admin
79e19013-f14e-ba9d-65f1-7adb3d238f55,admin
7e2ae5d3-53b0-fa94-b7e0-31ef1eb681de,admin
80c52499-cd0a-a1ca-46bb-178be3aaeed,admin|developer
8e3e8c4f-8fd1-166e-fe4e-f49cc5504161,admin
9252b787-d7cc-9bab-d20d-f19ffad41405,admin
a44f280a-efcd-f550-a096-0ef7d1624e23,admin
b206840b-2e64-4209-bacd-166c883928f,admin
b417c690-e82d-375a-ed74-484286ccfce0,admin
b58fe5e3-d02f-3130-2e53-5bddc0bbac3d,admin|tester
c02f1251-9300-2c35-9efe-85a0b87665f4,admin|developer
ca36fe7-d6c7-acfc-14b1-a08a706b49d1,admin
e9c38322-9660-b54b-d072-cd3c9af241c1,admin|tester
